DIRETORIA DE EDUCAÇÃO PROFISSIONAL E TECNOLÓGICA - DEP 																		
COORDENAÇÃO PEDAGÓGICA - CPED																		
PORTFÓLIO 2025																		
PORTFÓLIO  DE CURSOS SENAC DF: GASTRONOMIA																		
"Status SIG
(Ativo ou Inativo)"	Segmento 	Modalidade 	Titulo - Nome do Curso	CH	Cód. DN	Cód. SIG	Ident.	TIPO	Última Revisão	Processo SEI	Valores 	Observações de Conferência	UNIDADE QUE PODE SER RODADO	Compatível com bolsa	Comercial*	PCN	PCR	
ATIVO	GASTRONOMIA	FIC	Açougueiro	160	2437	129820	2018	QUALIFICAÇÃO PROFISSIONAL	2025	2023.000001650-31	2025 | R$ 2.405,00	OK		SIM	SIM			
ATIVO	GASTRONOMIA	FIC	Aperfeiçoamento de Tortas Doces e Salgadas	40	23113	66118	2019	APERFEIÇOAMENTO/ATUALIZAÇÃO	2023	2023.000001976-68	2025 | R$ 563,00	OK		SIM	SIM			
ATIVO	GASTRONOMIA	FIC	Auxiliar de Cozinha	240	2459	128564	2018	QUALIFICAÇÃO PROFISSIONAL	2025	2023.000001877-86	2025 | R$ 2.790,00	OK		SIM	SIM			
ATIVO	GASTRONOMIA	FIC	Auxiliar de Garçom (Cumim)	160	2038	112999	2021	QUALIFICAÇÃO PROFISSIONAL	2025	2024.000002181-76	2025 | R$ 1.249,99	OK		SIM	SIM			
ATIVO	GASTRONOMIA	FIC	Auxiliar de Padeiro	180	2539	70084	2024	QUALIFICAÇÃO PROFISSIONAL	2025	2024.000005294-14	Não precificado	FALTA ASSINATURA DA MARI E DIRETORIA NO PLANO DE CURSO (Processo na CPED esperando nova precificação)		SIM	SIM			
ATIVO	GASTRONOMIA	FIC	Barista	160	2534	128571	2023	QUALIFICAÇÃO PROFISSIONAL	2025	2023.000001192-76	2025 | R$ 1.502,99	OK		SIM	SIM			
ATIVO	GASTRONOMIA	FIC	Bartender	200	2519	68288	2023	QUALIFICAÇÃO PROFISSIONAL	2025	2023.000001182-02	2025 |R$ 2.817,99	OK		SIM	SIM			
ATIVO	GASTRONOMIA	FIC	Boas Práticas na Manipulação de Alimentos 	20	20842	66375	2019	APERFEIÇOAMENTO/ATUALIZAÇÃO	2025	2023.000001887-58	2025 |R$ 200,00	OK		SIM	SIM			
ATIVO	GASTRONOMIA	FIC	Cake Design - Aperfeiçoamento	40	231.37	66324	2022	APERFEIÇOAMENTO/ATUALIZAÇÃO	2026	2023.000001917-16	2026 / R$947,00	OK		SIM	SIM			
ATIVO	GASTRONOMIA	FIC	Compras e Estoque na Gastronomia	60	2082.60	116202	2024	APERFEIÇOAMENTO/ATUALIZAÇÃO	2024	2024.000002297-04	Precificação sugerida	"SOMENTE IN COMPANY
PROCESSO PARADO DESDE 05/2024"		NÃO	SIM			
ATIVO	GASTRONOMIA	FIC	Confeiteiro 	300	2449	69987	2018	QUALIFICAÇÃO PROFISSIONAL	2025	2023.000002102-73	2025 |R$ 4.762,00	OK		SIM	SIM			
ATIVO	GASTRONOMIA	FIC	Cozinha Brasileira: Biomas e Cortes Nobres	140	2081.24	113477	2024	APERFEIÇOAMENTO/ATUALIZAÇÃO	2024	2024.000002333-02	Processo parado na NC - Precificação sugerida	"SOMENTE IN COMPANY
SEM PRECIFICAÇÃO/FALTA ASSINATURA DA MARI E DA DIRETORIA NO PLANO DE CURSO"		NÃO	SIM			
ATIVO	GASTRONOMIA	FIC	Comida Natalina	40	2079.46	66507	2018	APERFEIÇOAMENTO	2025	2024.000004880-41	2025 | R$810,00	OK						
ATIVO	GASTRONOMIA	FIC	Cozinha Caribenha	40	2080.29	111078	2024	APERFEIÇOAMENTO/ATUALIZAÇÃO	2024	2024.000000985-02	2024 | R$ 419,99	PRECIFICAÇÃO ANTIGA 2024		SIM	SIM			
ATIVO	GASTRONOMIA	FIC	Cozinha Latino-Americana	60	2080.30	111214	2024	APERFEIÇOAMENTO/ATUALIZAÇÃO	2024	2024.000001033-52	2024 | R$ 619,99	PRECIFICAÇÃO ANTIGA 2024		SIM	SIM			
ATIVO	GASTRONOMIA	FIC	Cozinha Prática: Da Panela ao Prato	80	2.079.209	112321	2024	APERFEIÇOAMENTO	2025	2024.000001818-25	2025 | R$ 899,99	"SOMENTE NA CARRETA
PRECIFICAÇÃO ANTIGA"		NÃO	SIM			
ATIVO	GASTRONOMIA	FIC	Cozinheiro	500	2518	31038	2015	QUALIFICAÇÃO PROFISSIONAL	2025	2023.000002075-66	2025 |R$ 5.550,00	OK		SIM	SIM			
ATIVO	GASTRONOMIA	FIC	Eficiência na cozinha, Aproveitamento integral cozinha	16	2.079.116	121721	2024	APERFEIÇOAMENTO/ATUALIZAÇÃO	2025	2024.000004979-71	2025 | R$ 215,00	OK		SIM	SIM			
ATIVO	GASTRONOMIA	FIC	Elaboração de Fichas Técnicas	40	2082.5	66589	2024	APERFEIÇOAMENTO/ATUALIZAÇÃO	2025	2024.000003105-79	2025 | R$ 299,00	OK		SIM	SIM			
ATIVO	GASTRONOMIA	FIC	Garçom	240	2453	128617	2023	QUALIFICAÇÃO PROFISSIONAL	2025	2023.000001455-10	2025 | R$ 2.510,00	OK		SIM	SIM			
ATIVO	GASTRONOMIA	FIC	Garde Manger	20	2313.21	66505	2023	APERFEIÇOAMENTO/ATUALIZAÇÃO	2025	2023.000002107-88	2025 | R$ 450,00	OK		SIM	SIM			
ATIVO	GASTRONOMIA	FIC	Hamburguer Gourmet	30	2079.50	66514	2023	APERFEIÇOAMENTO/ATUALIZAÇÃO	2025	2023.000000297-90	2025 | R$ 399,00	OK		SIM	SIM			
ATIVO	Gastronomia	FIC	Métodos de preparo de café	36	231618	66554	2025	Aperfeiçoamento	2025	2025.000000522-69	2025 | R$ 459,00	"FALTA ASSINATURA NO PARECER (INSTRUTOR)/
PROCESSO SEM ANDAMENTO ABERTO"		SIM	SIM			
ATIVO	Gastronomia	FIC	Latte Art	40	208354	130274	2025	Aperfeiçoamento	2025	2025.000000973-60	2025 | R$ 716,00	"FALTA ASSINATURA NO PARECER (INSTRUTOR)/
PROCESSO SEM ANDAMENTO ABERTO"		SIM	SIM			
ATIVO	Gastronomia	FIC	Padaria Artesanal 	16h	243.24	110701	2025	Aperfeiçoamento 	2025	2025.000002111-62	2026 | R$ 437,00	PROCESSO NA CPED/FALTAM ASSINATURAS DA DIRETORIA NO PLANO DE CURSO (JÁ PRECIFICADO)						
ATIVO	Gastronomia	FIC	Preparo de Drinks com Café 	40	2.079.254	130275	2025	Aperfeiçoamento 	2025	2025.000000908-61	2025 | R$ 620,00	"FALTA ASSINATURA NO PARECER (INSTRUTOR)/
PROCESSO SEM ANDAMENTO ABERTO"						
ATIVO	GASTRONOMIA	FIC	Padeiro 	260	2587	69994	2019	QUALIFICAÇÃO PROFISSIONAL	2025	2023.000001920-11	2025 | R$ 3.175,00	OK		SIM	SIM			
ATIVO	GASTRONOMIA	FIC	Pizzaiolo	160	2443	69851	2018	QUALIFICAÇÃO PROFISSIONAL	2025	2023.000001916-27	2025 | R$ 1.680,00	OK		SIM	SIM			
ATIVO	GASTRONOMIA	FIC	Práticas Operacionais em Cafeteria	240	2537.4	113914	2024	APERFEIÇOAMENTO/ATUALIZAÇÃO	2025	2024.000001392-09	2025 | R$ 3.900,83	"INFRAESTRUTURA CASA DE CHÁ
OK"		SIM	NÃO  			
ATIVO	GASTRONOMIA	FIC	Práticas Operacionais em Cozinha	240	2.079.136	 114427	2023	APERFEIÇOAMENTO/ATUALIZAÇÃO	2025	2023.000001393-82	2025 | R$ 4.455,00	"INFRAESTRUTURA DN    
OK"		SIM	NÃO  			
ATIVO	GASTRONOMIA	FIC	Práticas Operacionais - Nutrição e Dietética	360	908.65	123486	2024	APERFEIÇOAMENTO/ATUALIZAÇÃO	2025	2024.000002729-79	2025 | R$ 3.803,00	"INFRAESTRUTURA DN    
OK"		SIM	NÃO  			
INATIVO 	GASTRONOMIA	FIC	Práticas Operacionais em Serviços - Restaurante Escola	240	2083.90	114429	2023	APERFEIÇOAMENTO/ATUALIZAÇÃO	2024	2023.000001391-11	2024 | R$ 2.859,29	"INFRAESTRUTURA DN    
PRECIFICAÇÃO ANTIGA/
PROCESSO NA INST"		SIM	NÃO  			
INATIVO 	GASTRONOMIA	FIC	Práticas Operacionais em Confeitaria 	40	2.079.137	106085	2023	APERFEIÇOAMENTO/ATUALIZAÇÃO	2024	2023.000001396-25	2023 | R$ 1.112,00	"PRECIFICAÇÃO ANTIGA/
PROCESSO NA INST"		SIM	NÃO			
ATIVO	GASTRONOMIA	FIC	Preparo de alimentos congelados 	36	2313.29	34233	2019	APERFEIÇOAMENTO/ATUALIZAÇÃO	2024	2023.000002122-17	2024 | R$ 322,00	"PRECIFICAÇÃO ANTIGA/
PROCESSO NA INST"		SIM	SIM			
ATIVO	GASTRONOMIA	FIC	Preparo de Bolos Tradicionais	30	231.36	114834	2023	APERFEIÇOAMENTO/ATUALIZAÇÃO	2024	2023.000000528-56	2024 | R$ 459,00	"PRECIFICAÇÃO ANTIGA/
PROCESSO NA NUPAM"		SIM	SIM			
ATIVO	GASTRONOMIA	FIC	Salgadeiro 	160	2478	69824	2016	QUALIFICAÇÃO PROFISSIONAL	2025	2023.000002001-20	2025 |R$ 2.039,00	OK		SIM	SIM			
ATIVO	GASTRONOMIA	FIC	Sommelier de Cachaças	100	2316.39	66575	2023	APERFEIÇOAMENTO/ATUALIZAÇÃO	2024	2023.000001447-18	2024 | R$ 1.368,00	"PRECIFICAÇÃO ANTIGA/
PROCESSO NA INST"		SIM	SIM			
ATIVO	GASTRONOMIA	FIC	Sommelier de Chá 	40	2.083.116	114982	2024	APERFEIÇOAMENTO/ATUALIZAÇÃO	2025	2024.000002324-11	2025 |R$ 520,00	OK		SIM	SIM			
ATIVO	GASTRONOMIA	FIC	Sommelier: Vinho	144	2316.13	66274	2023	APERFEIÇOAMENTO/ATUALIZAÇÃO	2025	2023.000001185-47	2025 |R$ 2.419,00	OK		SIM	SIM			
ATIVO	GASTRONOMIA	FIC	Sommelier de Cerveja	108	2316.12	66305	2024	APERFEIÇOAMENTO/ATUALIZAÇÃO	2025	2024.000003045-01	2025 |R$ 2.041,99	OK		SIM	SIM			
ATIVO	GASTRONOMIA	FIC	Sushiman 	160	2442	128625	2019	QUALIFICAÇÃO PROFISSIONAL	2025	2023.000001914-65	2025 |R$ 2.335,00	OK		SIM	SIM			
ATIVO	GASTRONOMIA	FIC	Técnicas Básicas para Cozinheiro	80	2079.93	123037	2023	APERFEIÇOAMENTO/ATUALIZAÇÃO	2025	2023.000001138-21	2025 |R$ 1051,00	OK		SIM	SIM			
ATIVO	GASTRONOMIA	FIC	Técnicas de Confeitaria	60	231412	105.322	2023	APERFEIÇOAMENTO/ATUALIZAÇÃO	2025	2023.000001137-40	2025 |R$ 988,99	OK		SIM	SIM			
ATIVO	GASTRONOMIA	FIC	Técnicas de Petiscos e Comida de Boteco	40	2079.58	66504	2019	APERFEIÇOAMENTO/ATUALIZAÇÃO	2025	2023.000002000-49	2025 |R$ 721,00	OK		SIM	SIM			
ATIVO	GASTRONOMIA	FIC	Técnicas de Produção de Biscoitos Finos e Artesanais 	40	2079.71	66562	2023	APERFEIÇOAMENTO/ATUALIZAÇÃO	2024	2023.000001193-57	2025 |R$ 599,00	OK		SIM	SIM			
ATIVO	GASTRONOMIA	FIC	Técnicas de Produção de Pães Caseiros e Artesanais	40	2079.59	66418	2023	APERFEIÇOAMENTO/ATUALIZAÇÃO	2025	2023.000000531-51	2025 |R$ 515,00	OK		SIM	SIM			
INATIVO 	GASTRONOMIA	HABILITAÇÃO 	Técnico em Nutrição e Dietética - Novo ensino Médio 	1200	3028	137233	2023	HABILITAÇÃO PROFISSIONAL TÉCNICA DE NIVEL MÉDIO 	2025	2023.000001660-11	2025 | R$ 6.755,00		"RESOLUÇÃO SENAC AR/DF 1625/2025
CEP SOBRADINHO"	SIM	SIM			
INATIVO 	GASTRONOMIA	HABILITAÇÃO 	Técnico em Nutrição e Dietética - Comercial 	1200	3028	124115	2023	HABILITAÇÃO PROFISSIONAL TÉCNICA DE NIVEL MÉDIO 	2025	2023.000001146-31	2025 | R$ 5.880,00	FALTA ASSINATURA DA DIRETORIA NO PLANO DE CURSO	"RESOLUÇÃO SENAC AR/DF 1544/2024
CEP ANTONIO MATIAS, TALAL ABU-ALLAN"	SIM	SIM			
ATIVO	GASTRONOMIA	FIC	Técnicas para Garçom	36	2083.13	116234	2024	APERFEIÇOAMENTO/ATUALIZAÇÃO	2024	2024.000002320-80	PRECIFICAÇÃO ANTIGA	PRECIFICADO PELA NC EM 05/2024		SIM	SIM			
ATIVO	GASTRONOMIA	FIC	Técnicas para Pizzaiolo	40	2079.10	66498	2023	APERFEIÇOAMENTO/ATUALIZAÇÃO	2025	2023.000000284-75	2025 |R$ 549,00	OK		SIM	SIM			
ATIVO 	GASTRONOMIA	HABILITAÇÃO 	Técnico em Gastronomia 	800	2686	136965	2023	HABILITAÇÃO PROFISSIONAL TÉCNICA DE NIVEL MÉDIO 	2025	2023.000001906-55	2025 |R$ 7.600,00	OK	"RESOLUÇÃO SENAC AR/DF 1646/2025
TODOS OS CEPS E POLOS"	SIM	SIM			
ATIVO 	GASTRONOMIA	HABILITAÇÃO 	Técnico em Gastronomia TEM	800	2686	128584	2023	HABILITAÇÃO PROFISSIONAL TÉCNICA DE NIVEL MÉDIO 	2024	2023.000001912-01	2025 |R$ 7.615,00	OK	"RESOLUÇÃO SENAC AR/DF 1537/2024
CEP JOAQUIM LOIOLA"	SIM	SIM			
ATIVO 	GASTRONOMIA	FIC	Sustentabilidade aplicada à cozinha	20	2313.34	66240	2024	APERFEIÇOAMENTO/ATUALIZAÇÃO	2025	2024.000005018-38	2025 |R$299,00	OK		SIM	SIM			
ATIVO 	GASTRONOMIA 	AÇÃO EXTENSIVA 	Boas Práticas na Manipulação de Alimentos 	5	2084.2	66375	2025	OFICINA 	2025	2025.000003164-28	2026 | R$ 108,10	FALTA ASSINATURA DA DIRETORIA NO PLANO DE CURSO		NÃO 	SIM			
ATIVO 	GASTRONOMIA 	FIC	Vera Pizza Napoletana - Curso Básico	40	2080.40	138656	2025	APERFEIÇOAMENTO	2025	2025.000003186-33	2026 | R$ 2.500 / R$ 5.000	FALTA ASSINATURA DA DIRETORIA NO PLANO DE CURSO						
